Release Date,Channel,Version,Build
2026-01-13,Current Channel,2512,19530.20144
2026-01-13,Monthly Enterprise Channel,2511,19426.20260
2026-01-13,Monthly Enterprise Channel,2510,19328.20292
2026-01-13,Monthly Enterprise Channel,2509,19231.20300
2026-01-13,Semi-Annual Enterprise Channel,2508,19127.20484
2026-01-13,Semi-Annual Enterprise Channel,2502,18526.20696
2026-01-13,Semi-Annual Enterprise Channel,2408,17928.20762
2026-01-08,Current Channel,2512,19530.20138
2025-12-16,Current Channel,2511,19426.20218
2025-12-09,Current Channel,2511,19426.20186
2025-12-09,Monthly Enterprise Channel,2510,19328.20266
2025-12-09,Monthly Enterprise Channel,2509,19231.20274
2025-12-09,Monthly Enterprise Channel,2508,19127.20402
2025-12-09,Semi-Annual Enterprise Channel,2502,18526.20672
2025-12-09,Semi-Annual Enterprise Channel,2408,17928.20742
2025-12-03,Current Channel,2511,19426.20170
2025-11-20,Current Channel,2510,19328.20244
2025-11-18,Current Channel,2510,19328.20232
2025-11-17,Monthly Enterprise Channel,2507,19029.20300
2025-11-14,Monthly Enterprise Channel,2508,19127.20384
2025-11-11,Current Channel,2510,19328.20190
2025-11-11,Monthly Enterprise Channel,2509,19231.20246
2025-11-11,Monthly Enterprise Channel,2508,19127.20358
2025-11-11,Monthly Enterprise Channel,2507,19029.20300
2025-11-11,Semi-Annual Enterprise Channel,2502,18526.20660
2025-11-11,Semi-Annual Enterprise Channel,2408,17928.20730
2025-11-04,Current Channel,2510,19328.20178
2025-10-30,Current Channel,2510,19328.20158
2025-10-21,Current Channel,2509,19231.20216
2025-10-16,Monthly Enterprise Channel,2508,19127.20314
2025-10-14,Current Channel,2509,19231.20194
2025-10-14,Monthly Enterprise Channel,2508,19127.20302
2025-10-14,Monthly Enterprise Channel,2507,19029.20274
2025-10-14,Monthly Enterprise Channel,2506,18925.20268
2025-10-14,Semi-Annual Enterprise Channel,2502,18526.20634
2025-10-14,Semi-Annual Enterprise Channel,2408,17928.20708
2025-10-07,Current Channel,2509,19231.20172
2025-10-01,Current Channel,2509,19231.20156
2025-09-23,Current Channel,2508,19127.20264
2025-09-16,Current Channel,2508,19127.20240
2025-09-09,Current Channel,2508,19127.20222
2025-09-09,Monthly Enterprise Channel,2507,19029.20244
2025-09-09,Monthly Enterprise Channel,2506,18925.20242
2025-09-09,Monthly Enterprise Channel,2505,18827.20244
2025-09-09,Semi-Annual Enterprise Channel,2502,18526.20604
2025-09-09,Semi-Annual Enterprise Channel,2408,17928.20700
2025-09-03,Current Channel,2508,19127.20192
2025-08-26,Current Channel,2508,19127.20154
2025-08-19,Current Channel,2507,19029.20208
2025-08-12,Current Channel,2507,19029.20184
2025-08-12,Monthly Enterprise Channel,2506,18925.20216
2025-08-12,Monthly Enterprise Channel,2505,18827.20230
2025-08-12,Monthly Enterprise Channel,2504,18730.20260
2025-08-12,Semi-Annual Enterprise Channel,2502,18526.20546
2025-08-12,Semi-Annual Enterprise Channel,2408,17928.20654
2025-08-12,Semi-Annual Enterprise Channel,2402,17328.20882
2025-08-12,Semi-Annual Enterprise Channel (Preview),2502,18526.20546
2025-08-05,Current Channel,2507,19029.20156
2025-07-30,Current Channel,2507,19029.20136
2025-07-22,Current Channel,2506,18925.20184
2025-07-15,Current Channel,2506,18925.20168
2025-07-08,Current Channel,2506,18925.20158
2025-07-08,Monthly Enterprise Channel,2505,18827.20202
2025-07-08,Monthly Enterprise Channel,2504,18730.20240
2025-07-08,Monthly Enterprise Channel,2503,18623.20316
2025-07-08,Semi-Annual Enterprise Channel,2502,18526.20472
2025-07-08,Semi-Annual Enterprise Channel,2408,17928.20604
2025-07-08,Semi-Annual Enterprise Channel,2402,17328.20856
2025-07-08,Semi-Annual Enterprise Channel (Preview),2502,18526.20472
2025-07-01,Current Channel,2506,18925.20138
2025-06-26,Current Channel,2505,18827.20176
2025-06-24,Monthly Enterprise Channel,2504,18730.20226
2025-06-24,Monthly Enterprise Channel,2503,18623.20302
2025-06-24,Monthly Enterprise Channel,2502,18526.20438
2025-06-24,Semi-Annual Enterprise Channel,2408,17928.20588
2025-06-24,Semi-Annual Enterprise Channel,2402,17328.20836
2025-06-24,Semi-Annual Enterprise Channel (Preview),2502,18526.20438
2025-06-17,Current Channel,2505,18827.20164
2025-06-10,Current Channel,2505,18827.20150
2025-06-10,Monthly Enterprise Channel,2504,18730.20220
2025-06-10,Monthly Enterprise Channel,2503,18623.20298
2025-06-10,Monthly Enterprise Channel,2502,18526.20416
2025-06-10,Semi-Annual Enterprise Channel,2408,17928.20572
2025-06-10,Semi-Annual Enterprise Channel,2402,17328.20820
2025-06-10,Semi-Annual Enterprise Channel (Preview),2502,18526.20416
2025-06-03,Current Channel,2505,18827.20140
2025-05-29,Current Channel,2505,18827.20128
2025-05-20,Current Channel,2504,18730.20186
2025-05-13,Current Channel,2504,18730.20168
2025-05-13,Monthly Enterprise Channel,2503,18623.20266
2025-05-13,Monthly Enterprise Channel,2502,18526.20336
2025-05-13,Monthly Enterprise Channel,2501,18429.20240
2025-05-13,Semi-Annual Enterprise Channel,2408,17928.20538
2025-05-13,Semi-Annual Enterprise Channel,2402,17328.20794
2025-05-13,Semi-Annual Enterprise Channel (Preview),2502,18526.20336
2025-05-06,Current Channel,2504,18730.20142
2025-04-29,Current Channel,2504,18730.20122
2025-04-17,Current Channel,2503,18623.20208
2025-04-15,Monthly Enterprise Channel,2502,18526.20286
2025-04-08,Current Channel,2503,18623.20178
2025-04-08,Monthly Enterprise Channel,2502,18526.20264
2025-04-08,Monthly Enterprise Channel,2501,18429.20216
2025-04-08,Semi-Annual Enterprise Channel,2408,17928.20512
2025-04-08,Semi-Annual Enterprise Channel,2402,17328.20770
2025-04-08,Semi-Annual Enterprise Channel (Preview),2502,18526.20264
2025-04-02,Current Channel,2503,18623.20156
2025-03-11,Current Channel,2502,18526.20168
2025-03-11,Monthly Enterprise Channel,2501,18429.20200
2025-03-11,Monthly Enterprise Channel,2412,18324.20272
2025-03-11,Semi-Annual Enterprise Channel,2408,17928.20468
2025-03-11,Semi-Annual Enterprise Channel,2402,17328.20738
2025-03-05,Current Channel,2502,18526.20144
2025-02-11,Current Channel,2501,18429.20158
2025-02-11,Monthly Enterprise Channel,2412,18324.20240
2025-02-11,Monthly Enterprise Channel,2411,18227.20240
2025-02-11,Semi-Annual Enterprise Channel,2408,17928.20440
2025-02-11,Semi-Annual Enterprise Channel,2402,17328.20708
2025-02-11,Semi-Annual Enterprise Channel,2308,16731.21114
2025-01-30,Current Channel,2501,18429.20132
2025-01-16,Current Channel,2412,18324.20194
2025-01-14,Current Channel,2412,18324.20190
2025-01-14,Monthly Enterprise Channel,2411,18227.20222
2025-01-14,Monthly Enterprise Channel,2410,18129.20242
2025-01-14,Semi-Annual Enterprise Channel,2408,17928.20392
2025-01-14,Semi-Annual Enterprise Channel,2308,16731.21064
2025-01-14,Semi-Annual Enterprise Channel (Preview),2408,17928.20392
2025-01-07,Current Channel,2412,18324.20168
2024-12-10,Current Channel,2411,18227.20162
2024-12-10,Monthly Enterprise Channel,2410,18129.20200
2024-12-10,Monthly Enterprise Channel,2409,18025.20242
2024-12-10,Semi-Annual Enterprise Channel,2402,17328.20670
2024-12-10,Semi-Annual Enterprise Channel,2308,16731.20998
2024-12-10,Semi-Annual Enterprise Channel (Preview),2408,17928.20336
2024-12-05,Current Channel,2411,18227.20152
2024-11-12,Current Channel,2410,18129.20158
2024-11-12,Monthly Enterprise Channel,2409,18025.20214
2024-11-12,Monthly Enterprise Channel,2408,17928.20286
2024-11-12,Semi-Annual Enterprise Channel,2402,17328.20648
2024-11-12,Semi-Annual Enterprise Channel,2308,16731.20948
2024-11-12,Semi-Annual Enterprise Channel (Preview),2408,17928.20286
2024-10-28,Current Channel,2410,18129.20116
2024-10-15,Current Channel,2409,18025.20160
2024-10-08,Current Channel,2409,18025.20140
2024-10-08,Monthly Enterprise Channel,2408,17928.20216
2024-10-08,Monthly Enterprise Channel,2407,17830.20232
2024-10-08,Semi-Annual Enterprise Channel,2402,17328.20612
2024-10-08,Semi-Annual Enterprise Channel,2308,16731.20822
2024-10-08,Semi-Annual Enterprise Channel (Preview),2408,17928.20216
2024-09-25,Current Channel,2409,18025.20104
2024-09-23,Current Channel,2409,18025.20096
2024-09-10,Current Channel,2408,17928.20156
2024-09-10,Monthly Enterprise Channel,2407,17830.20210
2024-09-10,Monthly Enterprise Channel,2406,17726.20222
2024-09-10,Semi-Annual Enterprise Channel,2402,17328.20588
2024-09-10,Semi-Annual Enterprise Channel,2308,16731.20810
2024-09-10,Semi-Annual Enterprise Channel (Preview),2408,17928.20156
2024-08-26,Current Channel,2408,17928.20114
2024-08-13,Current Channel,2407,17830.20166
2024-08-13,Monthly Enterprise Channel,2406,17726.20206
2024-08-13,Monthly Enterprise Channel,2405,17628.20206
2024-08-13,Semi-Annual Enterprise Channel,2402,17328.20550
2024-08-13,Semi-Annual Enterprise Channel,2308,16731.20792
2024-08-13,Semi-Annual Enterprise Channel,2302,16130.21094
2024-08-13,Semi-Annual Enterprise Channel (Preview),2402,17328.20550
2024-08-01,Current Channel,2407,17830.20138
2024-07-09,Current Channel,2406,17726.20160
2024-07-09,Monthly Enterprise Channel,2405,17628.20188
2024-07-09,Monthly Enterprise Channel,2404,17531.20210
2024-07-09,Semi-Annual Enterprise Channel,2402,17328.20452
2024-07-09,Semi-Annual Enterprise Channel,2308,16731.20738
2024-07-09,Semi-Annual Enterprise Channel,2302,16130.21042
2024-07-09,Semi-Annual Enterprise Channel (Preview),2402,17328.20452
2024-06-26,Current Channel,2406,17726.20126
2024-06-19,Current Channel,2405,17628.20164
2024-06-11,Current Channel,2405,17628.20144
2024-06-11,Monthly Enterprise Channel,2404,17531.20190
2024-06-11,Monthly Enterprise Channel,2403,17425.20258
2024-06-11,Semi-Annual Enterprise Channel,2308,16731.20716
2024-06-11,Semi-Annual Enterprise Channel,2302,16130.21026
2024-06-11,Semi-Annual Enterprise Channel (Preview),2402,17328.20414
2024-05-30,Current Channel,2405,17628.20110
2024-05-14,Current Channel,2404,17531.20152
2024-05-14,Monthly Enterprise Channel,2403,17425.20236
2024-05-14,Monthly Enterprise Channel,2402,17328.20346
2024-05-14,Semi-Annual Enterprise Channel,2308,16731.20674
2024-05-14,Semi-Annual Enterprise Channel,2302,16130.20990
2024-05-14,Semi-Annual Enterprise Channel (Preview),2402,17328.20346
2024-05-07,Current Channel,2404,17531.20140
2024-05-01,Current Channel,2404,17531.20128
2024-04-29,Current Channel,2404,17531.20120
2024-04-09,Current Channel,2403,17425.20176
2024-04-09,Monthly Enterprise Channel,2402,17328.20282
2024-04-09,Monthly Enterprise Channel,2401,17231.20304
2024-04-09,Semi-Annual Enterprise Channel,2308,16731.20636
2024-04-09,Semi-Annual Enterprise Channel,2302,16130.20960
2024-04-09,Semi-Annual Enterprise Channel (Preview),2402,17328.20282
2024-03-29,Current Channel,2403,17425.20146
2024-03-27,Current Channel,2403,17425.20138
2024-03-12,Current Channel,2402,17328.20184
2024-03-12,Monthly Enterprise Channel,2401,17231.20290
2024-03-12,Monthly Enterprise Channel,2312,17126.20216
2024-03-12,Semi-Annual Enterprise Channel,2308,16731.20600
2024-03-12,Semi-Annual Enterprise Channel,2302,16130.20928
2024-03-12,Semi-Annual Enterprise Channel (Preview),2402,17328.20184
2024-03-04,Current Channel,2402,17328.20162
2024-02-28,Current Channel,2402,17328.20142
2024-02-13,Current Channel,2401,17231.20236
2024-02-13,Monthly Enterprise Channel,2312,17126.20190
2024-02-13,Monthly Enterprise Channel,2311,17029.20178
2024-02-13,Semi-Annual Enterprise Channel,2308,16731.20550
2024-02-13,Semi-Annual Enterprise Channel,2302,16130.20916
2024-02-13,Semi-Annual Enterprise Channel,2208,15601.20870
2024-02-13,Semi-Annual Enterprise Channel (Preview),2308,16731.20550
2024-02-01,Current Channel,2401,17231.20194
2024-01-30,Current Channel,2401,17231.20182
2024-01-09,Current Channel,2312,17126.20132
2024-01-09,Monthly Enterprise Channel,2311,17029.20140
2024-01-09,Monthly Enterprise Channel,2310,16924.20202
2024-01-09,Semi-Annual Enterprise Channel,2308,16731.20504
2024-01-09,Semi-Annual Enterprise Channel,2302,16130.20884
2024-01-09,Semi-Annual Enterprise Channel,2208,15601.20848
2024-01-09,Semi-Annual Enterprise Channel (Preview),2308,16731.20504
2024-01-04,Current Channel,2312,17126.20126
2023-12-12,Current Channel,2311,17029.20108
2023-12-12,Monthly Enterprise Channel,2310,16924.20180
2023-12-12,Monthly Enterprise Channel,2309,16827.20324
2023-12-12,Semi-Annual Enterprise Channel,2302,16130.20868
2023-12-12,Semi-Annual Enterprise Channel,2208,15601.20832
2023-12-12,Semi-Annual Enterprise Channel (Preview),2308,16731.20460
2023-11-29,Current Channel,2311,17029.20068
2023-11-14,Current Channel,2310,16924.20150
2023-11-14,Monthly Enterprise Channel,2309,16827.20278
2023-11-14,Monthly Enterprise Channel,2308,16731.20398
2023-11-14,Semi-Annual Enterprise Channel,2302,16130.20846
2023-11-14,Semi-Annual Enterprise Channel,2208,15601.20816
2023-11-14,Semi-Annual Enterprise Channel (Preview),2308,16731.20398
2023-10-31,Current Channel,2310,16924.20124
2023-10-25,Current Channel,2310,16924.20106
2023-10-10,Current Channel,2309,16827.20166
2023-10-10,Monthly Enterprise Channel,2308,16731.20316
2023-10-10,Monthly Enterprise Channel,2307,16626.20222
2023-10-10,Semi-Annual Enterprise Channel,2302,16130.20810
2023-10-10,Semi-Annual Enterprise Channel,2208,15601.20796
2023-10-10,Semi-Annual Enterprise Channel (Preview),2308,16731.20316
2023-09-28,Current Channel,2309,16827.20130
2023-09-12,Current Channel,2308,16731.20234
2023-09-12,Monthly Enterprise Channel,2307,16626.20208
2023-09-12,Monthly Enterprise Channel,2306,16529.20254
2023-09-12,Semi-Annual Enterprise Channel,2302,16130.20766
2023-09-12,Semi-Annual Enterprise Channel,2208,15601.20772
2023-09-12,Semi-Annual Enterprise Channel (Preview),2308,16731.20234
2023-08-28,Current Channel,2308,16731.20170
2023-08-08,Current Channel,2307,16626.20170
2023-08-08,Monthly Enterprise Channel,2306,16529.20226
2023-08-08,Monthly Enterprise Channel,2305,16501.20286
2023-08-08,Semi-Annual Enterprise Channel,2302,16130.20714
2023-08-08,Semi-Annual Enterprise Channel,2208,15601.20742
2023-08-08,Semi-Annual Enterprise Channel,2202,14931.21078
2023-08-08,Semi-Annual Enterprise Channel (Preview),2302,16130.20714
2023-07-27,Current Channel,2307,16626.20134
2023-07-27,Monthly Enterprise Channel,2305,16501.20272
2023-07-27,Monthly Enterprise Channel,2304,16327.20368
2023-07-27,Semi-Annual Enterprise Channel,2302,16130.20694
2023-07-27,Semi-Annual Enterprise Channel,2208,15601.20738
2023-07-27,Semi-Annual Enterprise Channel,2202,14931.21076
2023-07-27,Semi-Annual Enterprise Channel (Preview),2302,16130.20694
2023-07-26,Current Channel,2307,16626.20132
2023-07-11,Current Channel,2306,16529.20182
2023-07-11,Monthly Enterprise Channel,2305,16501.20242
2023-07-11,Monthly Enterprise Channel,2304,16327.20348
2023-07-11,Semi-Annual Enterprise Channel,2302,16130.20644
2023-07-11,Semi-Annual Enterprise Channel,2208,15601.20706
2023-07-11,Semi-Annual Enterprise Channel,2202,14931.21040
2023-07-11,Semi-Annual Enterprise Channel (Preview),2302,16130.20644
2023-06-26,Current Channel,2306,16529.20154
2023-06-13,Current Channel,2305,16501.20210
2023-06-13,Monthly Enterprise Channel,2304,16327.20324
2023-06-13,Monthly Enterprise Channel,2303,16227.20354
2023-06-13,Semi-Annual Enterprise Channel,2208,15601.20680
2023-06-13,Semi-Annual Enterprise Channel,2202,14931.21024
2023-06-13,Semi-Annual Enterprise Channel (Preview),2302,16130.20580
2023-06-01,Current Channel,2305,16501.20196
2023-05-09,Current Channel,2304,16327.20248
2023-05-09,Monthly Enterprise Channel,2303,16227.20318
2023-05-09,Monthly Enterprise Channel,2302,16130.20500
2023-05-09,Semi-Annual Enterprise Channel,2208,15601.20660
2023-05-09,Semi-Annual Enterprise Channel,2202,14931.21000
2023-05-09,Semi-Annual Enterprise Channel (Preview),2302,16130.20500
2023-04-25,Current Channel,2304,16327.20214
2023-04-11,Current Channel,2303,16227.20280
2023-04-11,Monthly Enterprise Channel,2302,16130.20394
2023-04-11,Monthly Enterprise Channel,2301,16026.20274
2023-04-11,Semi-Annual Enterprise Channel,2208,15601.20626
2023-04-11,Semi-Annual Enterprise Channel,2202,14931.20964
2023-04-11,Semi-Annual Enterprise Channel (Preview),2302,16130.20394
2023-04-04,Current Channel,2303,16227.20258
2023-03-28,Current Channel,2303,16227.20212
2023-03-20,Current Channel,2302,16130.20332
2023-03-14,Current Channel,2302,16130.20306
2023-03-14,Monthly Enterprise Channel,2301,16026.20238
2023-03-14,Monthly Enterprise Channel,2212,15928.20298
2023-03-14,Semi-Annual Enterprise Channel,2208,15601.20578
2023-03-14,Semi-Annual Enterprise Channel,2202,14931.20944
2023-03-14,Semi-Annual Enterprise Channel (Preview),2302,16130.20306
2023-02-28,Current Channel,2302,16130.20218
2023-02-14,Current Channel,2301,16026.20200
2023-02-14,Monthly Enterprise Channel,2212,15928.20282
2023-02-14,Monthly Enterprise Channel,2211,15831.20280
2023-02-14,Semi-Annual Enterprise Channel,2208,15601.20538
2023-02-14,Semi-Annual Enterprise Channel,2202,14931.20926
2023-02-14,Semi-Annual Enterprise Channel,2108,14326.21336
2023-02-14,Semi-Annual Enterprise Channel (Preview),2208,15601.20538
2023-01-26,Current Channel,2301,16026.20146
2023-01-10,Current Channel,2212,15928.20216
2023-01-10,Monthly Enterprise Channel,2211,15831.20252
2023-01-10,Monthly Enterprise Channel,2210,15726.20292
2023-01-10,Semi-Annual Enterprise Channel,2208,15601.20456
2023-01-10,Semi-Annual Enterprise Channel,2202,14931.20888
2023-01-10,Semi-Annual Enterprise Channel,2108,14326.21286
2023-01-10,Semi-Annual Enterprise Channel (Preview),2208,15601.20456
2023-01-04,Current Channel,2212,15928.20198
2022-12-13,Current Channel,2211,15831.20208
2022-12-13,Monthly Enterprise Channel,2210,15726.20262
2022-12-13,Monthly Enterprise Channel,2209,15629.20298
2022-12-13,Semi-Annual Enterprise Channel,2202,14931.20858
2022-12-13,Semi-Annual Enterprise Channel,2108,14326.21248
2022-12-13,Semi-Annual Enterprise Channel (Preview),2208,15601.20378
2022-12-06,Current Channel,2211,15831.20190
2022-11-08,Current Channel,2210,15726.20202
2022-11-08,Monthly Enterprise Channel,2209,15629.20258
2022-11-08,Monthly Enterprise Channel,2208,15601.20286
2022-11-08,Semi-Annual Enterprise Channel,2202,14931.20806
2022-11-08,Semi-Annual Enterprise Channel,2108,14326.21200
2022-11-08,Semi-Annual Enterprise Channel (Preview),2208,15601.20286
2022-10-27,Current Channel,2210,15726.20174
2022-10-11,Current Channel,2209,15629.20208
2022-10-11,Monthly Enterprise Channel,2208,15601.20230
2022-10-11,Monthly Enterprise Channel,2207,15427.20308
2022-10-11,Semi-Annual Enterprise Channel,2202,14931.20764
2022-10-11,Semi-Annual Enterprise Channel,2108,14326.21186
2022-10-11,Semi-Annual Enterprise Channel (Preview),2208,15601.20230
2022-09-26,Current Channel,2209,15629.20156
2022-09-13,Current Channel,2208,15601.20148
2022-09-13,Monthly Enterprise Channel,2207,15427.20284
2022-09-13,Monthly Enterprise Channel,2205,15225.20422
2022-09-13,Semi-Annual Enterprise Channel,2202,14931.20724
2022-09-13,Semi-Annual Enterprise Channel,2108,14326.21142
2022-09-13,Semi-Annual Enterprise Channel (Preview),2208,15601.20148
2022-08-31,Current Channel,2208,15601.20088
2022-08-18,Monthly Enterprise Channel,2206,15330.20306
2022-08-09,Current Channel,2207,15427.20210
2022-08-09,Monthly Enterprise Channel,2205,15225.20394
2022-08-09,Semi-Annual Enterprise Channel,2202,14931.20660
2022-08-09,Semi-Annual Enterprise Channel,2108,14326.21096
2022-08-09,Semi-Annual Enterprise Channel,2102,13801.21582
2022-08-09,Semi-Annual Enterprise Channel (Preview),2202,14931.20660
2022-08-03,Current Channel,2207,15427.20194
2022-07-27,Semi-Annual Enterprise Channel,2108,14326.21080
2022-07-26,Monthly Enterprise Channel,2205,15225.20370
2022-07-26,Semi-Annual Enterprise Channel,2202,14931.20646
2022-07-26,Semi-Annual Enterprise Channel (Preview),2202,14931.20646
2022-07-18,Current Channel,2206,15330.20264
2022-07-12,Current Channel,2206,15330.20246
2022-07-12,Monthly Enterprise Channel,2205,15225.20356
2022-07-12,Monthly Enterprise Channel,2204,15128.20312
2022-07-12,Semi-Annual Enterprise Channel,2202,14931.20604
2022-07-12,Semi-Annual Enterprise Channel,2108,14326.21062
2022-07-12,Semi-Annual Enterprise Channel,2102,13801.21528
2022-07-12,Semi-Annual Enterprise Channel (Preview),2202,14931.20604
2022-07-06,Current Channel,2206,15330.20230
2022-06-29,Current Channel,2206,15330.20196
2022-06-14,Current Channel,2205,15225.20288
2022-06-14,Monthly Enterprise Channel,2204,15128.20280
2022-06-14,Monthly Enterprise Channel,2203,15028.20282
2022-06-14,Semi-Annual Enterprise Channel,2108,14326.21018
2022-06-14,Semi-Annual Enterprise Channel,2102,13801.21418
2022-06-14,Semi-Annual Enterprise Channel (Preview),2202,14931.20494
2022-05-24,Current Channel,2205,15225.20204
2022-05-17,Current Channel,2204,15128.20248
2022-05-10,Current Channel,2204,15128.20224
2022-05-10,Monthly Enterprise Channel,2203,15028.20248
2022-05-10,Monthly Enterprise Channel,2202,14931.20392
2022-05-10,Semi-Annual Enterprise Channel,2108,14326.20962
2022-05-10,Semi-Annual Enterprise Channel,2102,13801.21334
2022-05-10,Semi-Annual Enterprise Channel (Preview),2202,14931.20392
2022-04-26,Current Channel,2204,15128.20178
2022-04-20,Current Channel,2203,15028.20228
2022-04-18,Monthly Enterprise Channel,2201,14827.20246
2022-04-12,Current Channel,2203,15028.20204
2022-04-12,Monthly Enterprise Channel,2202,14931.20274
2022-04-12,Semi-Annual Enterprise Channel,2108,14326.20910
2022-04-12,Semi-Annual Enterprise Channel,2102,13801.21278
2022-04-12,Semi-Annual Enterprise Channel (Preview),2202,14931.20274
2022-03-30,Current Channel,2203,15028.20160
2022-03-08,Current Channel,2202,14931.20132
2022-03-08,Monthly Enterprise Channel,2201,14827.20220
2022-03-08,Monthly Enterprise Channel,2112,14729.20360
2022-03-08,Semi-Annual Enterprise Channel,2108,14326.20852
2022-03-08,Semi-Annual Enterprise Channel,2102,13801.21214
2022-03-08,Semi-Annual Enterprise Channel (Preview),2202,14931.20132
2022-02-28,Current Channel,2202,14931.20120
2022-02-16,Current Channel,2201,14827.20198
2022-02-08,Current Channel,2201,14827.20192
2022-02-08,Monthly Enterprise Channel,2112,14729.20322
2022-02-08,Monthly Enterprise Channel,2111,14701.20314
2022-02-08,Semi-Annual Enterprise Channel,2108,14326.20784
2022-02-08,Semi-Annual Enterprise Channel,2102,13801.21156
2022-02-08,Semi-Annual Enterprise Channel,2008,13127.21886
2022-02-08,Semi-Annual Enterprise Channel (Preview),2108,14326.20784
2022-01-26,Current Channel,2201,14827.20158
2022-01-12,Current Channel,2112,14729.20260
2022-01-12,Semi-Annual Enterprise Channel,2008,13127.21856
2022-01-11,Current Channel,2112,14729.20248
2022-01-11,Monthly Enterprise Channel,2111,14701.20290
2022-01-11,Monthly Enterprise Channel,2110,14527.20364
2022-01-11,Semi-Annual Enterprise Channel,2108,14326.20738
2022-01-11,Semi-Annual Enterprise Channel,2102,13801.21106
2022-01-11,Semi-Annual Enterprise Channel (Preview),2108,14326.20738
2022-01-04,Current Channel,2112,14729.20194
2021-12-17,Monthly Enterprise Channel,2110,14527.20344
2021-12-17,Monthly Enterprise Channel,2109,14430.20386
2021-12-16,Current Channel,2111,14701.20262
2021-12-16,Semi-Annual Enterprise Channel,2102,13801.21092
2021-12-16,Semi-Annual Enterprise Channel,2008,13127.21846
2021-12-16,Semi-Annual Enterprise Channel (Preview),2108,14326.20702
2021-12-14,Current Channel,2111,14701.20248
2021-12-14,Monthly Enterprise Channel,2110,14527.20340
2021-12-14,Monthly Enterprise Channel,2109,14430.20380
2021-12-14,Semi-Annual Enterprise Channel,2102,13801.21086
2021-12-14,Semi-Annual Enterprise Channel,2008,13127.21842
2021-12-14,Semi-Annual Enterprise Channel (Preview),2108,14326.20692
2021-12-03,Current Channel,2111,14701.20226
2021-12-01,Current Channel,2110,14527.20312
2021-11-09,Current Channel,2110,14527.20276
2021-11-09,Monthly Enterprise Channel,2109,14430.20342
2021-11-09,Monthly Enterprise Channel,2108,14326.20600
2021-11-09,Semi-Annual Enterprise Channel,2102,13801.21050
2021-11-09,Semi-Annual Enterprise Channel,2008,13127.21820
2021-11-09,Semi-Annual Enterprise Channel (Preview),2108,14326.20600
2021-10-28,Current Channel,2110,14527.20234
2021-10-25,Current Channel,2110,14527.20226
2021-10-14,Current Channel,2109,14430.20306
2021-10-12,Current Channel,2109,14430.20298
2021-10-12,Monthly Enterprise Channel,2108,14326.20508
2021-10-12,Monthly Enterprise Channel,2107,14228.20340
2021-10-12,Semi-Annual Enterprise Channel,2102,13801.21004
2021-10-12,Semi-Annual Enterprise Channel,2008,13127.21792
2021-10-12,Semi-Annual Enterprise Channel (Preview),2108,14326.20508
2021-10-06,Current Channel,2109,14430.20270
2021-09-28,Current Channel,2109,14430.20234
2021-09-14,Current Channel,2108,14326.20404
2021-09-14,Monthly Enterprise Channel,2107,14228.20324
2021-09-14,Monthly Enterprise Channel,2106,14131.20384
2021-09-14,Semi-Annual Enterprise Channel,2102,13801.20960
2021-09-14,Semi-Annual Enterprise Channel,2008,13127.21766
2021-09-14,Semi-Annual Enterprise Channel (Preview),2108,14326.20404
2021-09-07,Current Channel,2108,14326.20348
2021-08-25,Current Channel,2108,14326.20238
2021-08-17,Semi-Annual Enterprise Channel,2002,12527.22021
2021-08-10,Current Channel,2107,14228.20250
2021-08-10,Monthly Enterprise Channel,2106,14131.20360
2021-08-10,Monthly Enterprise Channel,2105,14026.20352
2021-08-10,Semi-Annual Enterprise Channel,2102,13801.20864
2021-08-10,Semi-Annual Enterprise Channel,2008,13127.21736
2021-08-10,Semi-Annual Enterprise Channel,2002,12527.22017
2021-08-10,Semi-Annual Enterprise Channel (Preview),2102,13801.20864
2021-08-03,Current Channel,2107,14228.20226
2021-07-26,Current Channel,2107,14228.20204
2021-07-20,Current Channel,2106,14131.20332
2021-07-13,Current Channel,2106,14131.20320
2021-07-13,Monthly Enterprise Channel,2105,14026.20334
2021-07-13,Monthly Enterprise Channel,2104,13929.20434
2021-07-13,Semi-Annual Enterprise Channel,2102,13801.20808
2021-07-13,Semi-Annual Enterprise Channel,2008,13127.21704
2021-07-13,Semi-Annual Enterprise Channel,2002,12527.21986
2021-07-13,Semi-Annual Enterprise Channel (Preview),2102,13801.20808
2021-06-29,Current Channel,2106,14131.20278
2021-06-18,Current Channel,2105,14026.20308
2021-06-08,Current Channel,2105,14026.20270
2021-06-08,Monthly Enterprise Channel,2104,13929.20408
2021-06-08,Monthly Enterprise Channel,2103,13901.20554
2021-06-08,Semi-Annual Enterprise Channel,2008,13127.21668
2021-06-08,Semi-Annual Enterprise Channel,2002,12527.21952
2021-06-08,Semi-Annual Enterprise Channel (Preview),2102,13801.20738
2021-05-24,Current Channel,2105,14026.20246
2021-05-18,Current Channel,2104,13929.20386
2021-05-11,Current Channel,2104,13929.20372
2021-05-11,Monthly Enterprise Channel,2103,13901.20516
2021-05-11,Monthly Enterprise Channel,2102,13801.20638
2021-05-11,Semi-Annual Enterprise Channel,2008,13127.21624
2021-05-11,Semi-Annual Enterprise Channel,2002,12527.21912
2021-05-11,Semi-Annual Enterprise Channel (Preview),2102,13801.20638
2021-04-29,Current Channel,2104,13929.20296
2021-04-23,Current Channel,2103,13901.20462
2021-04-13,Current Channel,2103,13901.20400
2021-04-13,Monthly Enterprise Channel,2102,13801.20506
2021-04-13,Monthly Enterprise Channel,2101,13628.20664
2021-04-13,Semi-Annual Enterprise Channel,2008,13127.21506
2021-04-13,Semi-Annual Enterprise Channel,2002,12527.21814
2021-04-13,Semi-Annual Enterprise Channel (Preview),2102,13801.20506
2021-04-02,Current Channel,2103,13901.20336
2021-03-30,Current Channel,2103,13901.20312
2021-03-18,Current Channel,2102,13801.20360
2021-03-09,Current Channel,2102,13801.20294
2021-03-09,Monthly Enterprise Channel,2101,13628.20528
2021-03-09,Monthly Enterprise Channel,2012,13530.20628
2021-03-09,Semi-Annual Enterprise Channel,2008,13127.21348
2021-03-09,Semi-Annual Enterprise Channel,2002,12527.21686
2021-03-09,Semi-Annual Enterprise Channel (Preview),2102,13801.20294
2021-03-01,Current Channel,2102,13801.20266
2021-02-16,Current Channel,2101,13628.20448
2021-02-09,Current Channel,2101,13628.20380
2021-02-09,Monthly Enterprise Channel,2012,13530.20528
2021-02-09,Monthly Enterprise Channel,2011,13426.20658
2021-02-09,Semi-Annual Enterprise Channel,2008,13127.21216
2021-02-09,Semi-Annual Enterprise Channel,2002,12527.21594
2021-02-09,Semi-Annual Enterprise Channel,1908,11929.21008
2021-02-09,Semi-Annual Enterprise Channel (Preview),2008,13127.21216
2021-01-26,Current Channel,2101,13628.20274
2021-01-21,Current Channel,2012,13530.20440
2021-01-12,Current Channel,2012,13530.20376
2021-01-12,Monthly Enterprise Channel,2011,13426.20526
2021-01-12,Monthly Enterprise Channel,2010,13328.20550
2021-01-12,Semi-Annual Enterprise Channel,2008,13127.21064
2021-01-12,Semi-Annual Enterprise Channel,2002,12527.21504
2021-01-12,Semi-Annual Enterprise Channel,1908,11929.20994
2021-01-12,Semi-Annual Enterprise Channel (Preview),2008,13127.21064
2021-01-05,Current Channel,2012,13530.20316
2020-12-21,Current Channel,2011,13426.20404
2020-12-08,Current Channel,2011,13426.20332
2020-12-08,Monthly Enterprise Channel,2010,13328.20478
2020-12-08,Monthly Enterprise Channel,2009,13231.20620
2020-12-08,Semi-Annual Enterprise Channel,2002,12527.21416
2020-12-08,Semi-Annual Enterprise Channel,1908,11929.20984
2020-12-08,Semi-Annual Enterprise Channel (Preview),2008,13127.20910
2020-12-02,Current Channel,2011,13426.20308
2020-11-30,Current Channel,2011,13426.20294
2020-11-23,Current Channel,2011,13426.20274
2020-11-17,Current Channel,2010,13328.20408
2020-11-10,Current Channel,2010,13328.20356
2020-11-10,Monthly Enterprise Channel,2009,13231.20514
2020-11-10,Monthly Enterprise Channel,2008,13127.20760
2020-11-10,Semi-Annual Enterprise Channel,2002,12527.21330
2020-11-10,Semi-Annual Enterprise Channel,1908,11929.20974
2020-11-10,Semi-Annual Enterprise Channel (Preview),2008,13127.20760
2020-10-27,Current Channel,2010,13328.20292
2020-10-21,Current Channel,2009,13231.20418
2020-10-13,Current Channel,2009,13231.20390
2020-10-13,Monthly Enterprise Channel,2008,13127.20638
2020-10-13,Monthly Enterprise Channel,2007,13029.20708
2020-10-13,Semi-Annual Enterprise Channel,2002,12527.21236
2020-10-13,Semi-Annual Enterprise Channel,1908,11929.20966
2020-10-13,Semi-Annual Enterprise Channel (Preview),2008,13127.20638
2020-10-08,Current Channel,2009,13231.20368
2020-09-28,Current Channel,2009,13231.20262
2020-09-22,Current Channel,2008,13127.20508
2020-09-09,Current Channel,2008,13127.20408
2020-09-08,Monthly Enterprise Channel,2007,13029.20534
2020-09-08,Monthly Enterprise Channel,2006,13001.20648
2020-09-08,Semi-Annual Enterprise Channel,2002,12527.21104
2020-09-08,Semi-Annual Enterprise Channel,1908,11929.20946
2020-09-08,Semi-Annual Enterprise Channel (Preview),2008,13127.20408
2020-08-31,Current Channel,2008,13127.20296
2020-08-25,Current Channel,2007,13029.20460
2020-08-11,Current Channel,2007,13029.20344
2020-08-11,Monthly Enterprise Channel,2006,13001.20520
2020-08-11,Monthly Enterprise Channel,2005,12827.20656
2020-08-11,Semi-Annual Enterprise Channel,2002,12527.20988
2020-08-11,Semi-Annual Enterprise Channel,1908,11929.20934
2020-08-11,Semi-Annual Enterprise Channel,1902,11328.20644
2020-08-11,Semi-Annual Enterprise Channel (Preview),2002,12527.20988
2020-07-30,Current Channel,2007,13029.20308
2020-07-28,Current Channel,2006,13001.20498
2020-07-14,Current Channel,2006,13001.20384
2020-07-14,Monthly Enterprise Channel,2005,12827.20538
2020-07-14,Monthly Enterprise Channel,2004,12730.20602
2020-07-14,Semi-Annual Enterprise Channel,2002,12527.20880
2020-07-14,Semi-Annual Enterprise Channel,1908,11929.20904
2020-07-14,Semi-Annual Enterprise Channel,1902,11328.20624
2020-07-14,Semi-Annual Enterprise Channel (Preview),2002,12527.20880
2020-06-30,Current Channel,2006,13001.20266
2020-06-24,Current Channel,2005,12827.20470
2020-06-09,Current Channel,2005,12827.20336
2020-06-09,Monthly Enterprise Channel,2004,12730.20430
2020-06-09,Monthly Enterprise Channel,2003,12624.20708
2020-06-09,Semi-Annual Enterprise Channel,1908,11929.20838
2020-06-09,Semi-Annual Enterprise Channel,1902,11328.20602
2020-06-09,Semi-Annual Enterprise Channel (Preview),2002,12527.20720
2020-06-02,Current Channel,2005,12827.20268
2020-05-21,Current Channel,2004,12730.20352
2020-05-12,Current Channel,2004,12730.20270
2020-05-12,Monthly Enterprise Channel,2003,12624.20588
2020-05-12,Semi-Annual Enterprise Channel,1908,11929.20776
2020-05-12,Semi-Annual Enterprise Channel,1902,11328.20586
2020-05-12,Semi-Annual Enterprise Channel (Preview),2002,12527.20612
2020-05-04,Current Channel,2004,12730.20250
2020-05-04,Semi-Annual Enterprise Channel,1908,11929.20752
2020-05-04,Semi-Annual Enterprise Channel,1902,11328.20572
2020-04-29,Current Channel,2004,12730.20236
2020-04-15,Current Channel,2003,12624.20466
2020-04-14,Current Channel,2003,12624.20442
2020-04-14,Semi-Annual Enterprise Channel,1908,11929.20708
2020-04-14,Semi-Annual Enterprise Channel,1902,11328.20564
2020-04-14,Semi-Annual Enterprise Channel (Preview),2002,12527.20442
2020-03-31,Current Channel,2003,12624.20382
2020-03-25,Current Channel,2003,12624.20320
2020-03-10,Current Channel,2002,12527.20278
2020-03-10,Semi-Annual Enterprise Channel,1908,11929.20648
2020-03-10,Semi-Annual Enterprise Channel,1902,11328.20554
2020-03-10,Semi-Annual Enterprise Channel (Preview),2002,12527.20278
2020-03-01,Current Channel,2002,12527.20242
2020-02-25,Current Channel,2002,12527.20194
2020-02-19,Current Channel,2001,12430.20288
2020-02-11,Current Channel,2001,12430.20264
2020-02-11,Semi-Annual Enterprise Channel,1908,11929.20606
2020-02-11,Semi-Annual Enterprise Channel,1902,11328.20526
2020-02-11,Semi-Annual Enterprise Channel,1808,10730.20438
2020-02-11,Semi-Annual Enterprise Channel (Preview),1908,11929.20606
2020-01-30,Current Channel,2001,12430.20184
2020-01-22,Current Channel,1912,12325.20344
2020-01-14,Current Channel,1912,12325.20298
2020-01-14,Semi-Annual Enterprise Channel,1908,11929.20562
2020-01-14,Semi-Annual Enterprise Channel,1902,11328.20512
2020-01-14,Semi-Annual Enterprise Channel,1808,10730.20432
2020-01-14,Semi-Annual Enterprise Channel (Preview),1908,11929.20562
2020-01-08,Current Channel,1912,12325.20288
2019-12-10,Current Channel,1911,12228.20364
2019-12-10,Semi-Annual Enterprise Channel,1902,11328.20492
2019-12-10,Semi-Annual Enterprise Channel,1808,10730.20426
2019-12-10,Semi-Annual Enterprise Channel (Preview),1908,11929.20516
2019-12-03,Current Channel,1911,12228.20332
2019-11-22,Current Channel,1910,12130.20410
2019-11-22,Semi-Annual Enterprise Channel,1902,11328.20480
2019-11-22,Semi-Annual Enterprise Channel,1808,10730.20422
2019-11-22,Semi-Annual Enterprise Channel (Preview),1908,11929.20494
2019-11-18,Current Channel,1910,12130.20390
2019-11-12,Current Channel,1910,12130.20344
2019-11-12,Semi-Annual Enterprise Channel,1902,11328.20468
2019-11-12,Semi-Annual Enterprise Channel,1808,10730.20416
2019-11-12,Semi-Annual Enterprise Channel (Preview),1908,11929.20436
2019-10-30,Current Channel,1910,12130.20272
2019-10-22,Current Channel,1909,12026.20344
2019-10-14,Current Channel,1909,12026.20334
2019-10-14,Semi-Annual Enterprise Channel (Preview),1908,11929.20396
2019-10-08,Current Channel,1909,12026.20320
2019-10-08,Semi-Annual Enterprise Channel,1902,11328.20438
2019-10-08,Semi-Annual Enterprise Channel,1808,10730.20386
2019-10-08,Semi-Annual Enterprise Channel (Preview),1908,11929.20388
2019-09-30,Current Channel,1909,12026.20264
2019-09-10,Current Channel,1908,11929.20300
2019-09-10,Semi-Annual Enterprise Channel,1902,11328.20420
2019-09-10,Semi-Annual Enterprise Channel,1808,10730.20380
2019-09-10,Semi-Annual Enterprise Channel (Preview),1908,11929.20300
2019-08-26,Current Channel,1908,11929.20254
2019-08-13,Current Channel,1907,11901.20218
2019-08-13,Semi-Annual Enterprise Channel,1902,11328.20392
2019-08-13,Semi-Annual Enterprise Channel,1808,10730.20370
2019-08-13,Semi-Annual Enterprise Channel,1803,9126.2432
2019-08-13,Semi-Annual Enterprise Channel (Preview),1902,11328.20392
2019-07-29,Current Channel,1907,11901.20176
2019-07-09,Current Channel,1906,11727.20244
2019-07-09,Semi-Annual Enterprise Channel,1902,11328.20368
2019-07-09,Semi-Annual Enterprise Channel,1808,10730.20360
2019-07-09,Semi-Annual Enterprise Channel,1803,9126.2428
2019-07-09,Semi-Annual Enterprise Channel (Preview),1902,11328.20368
2019-06-27,Current Channel,1906,11727.20230
2019-06-26,Current Channel,1906,11727.20224
2019-06-24,Current Channel,1906,11727.20210
2019-06-11,Current Channel,1905,11629.20246
2019-06-11,Semi-Annual Enterprise Channel,1808,10730.20348
2019-06-11,Semi-Annual Enterprise Channel,1803,9126.2388
2019-06-11,Semi-Annual Enterprise Channel (Preview),1902,11328.20318
2019-06-03,Current Channel,1905,11629.20214
2019-05-29,Current Channel,1905,11629.20196
2019-05-22,Current Channel,1904,11601.20230
2019-05-14,Current Channel,1904,11601.20204
2019-05-14,Semi-Annual Enterprise Channel,1808,10730.20344
2019-05-14,Semi-Annual Enterprise Channel,1803,9126.2387
2019-05-14,Semi-Annual Enterprise Channel (Preview),1902,11328.20286
2019-05-08,Current Channel,1904,11601.20178
2019-04-29,Current Channel,1904,11601.20144
2019-04-23,Current Channel,1903,11425.20244
2019-04-17,Current Channel,1903,11425.20228
2019-04-16,Current Channel,1903,11425.20218
2019-04-09,Current Channel,1903,11425.20204
2019-04-09,Semi-Annual Enterprise Channel,1808,10730.20334
2019-04-09,Semi-Annual Enterprise Channel,1803,9126.2382
2019-04-09,Semi-Annual Enterprise Channel (Preview),1902,11328.20230
2019-04-01,Current Channel,1903,11425.20202
2019-03-25,Current Channel,1902,11328.20222
2019-03-12,Current Channel,1902,11328.20158
2019-03-12,Semi-Annual Enterprise Channel,1808,10730.20304
2019-03-12,Semi-Annual Enterprise Channel (Preview),1902,11328.20158
2019-03-04,Current Channel,1902,11328.20146
2019-02-12,Current Channel,1901,11231.20174
2019-02-12,Semi-Annual Enterprise Channel,1808,10730.20280
2019-02-12,Semi-Annual Enterprise Channel,1803,9126.2356
2019-02-12,Semi-Annual Enterprise Channel,1708,8431.2372
2019-02-12,Semi-Annual Enterprise Channel (Preview),1808,10730.20280
2019-01-31,Current Channel,1901,11231.20130
2019-01-14,Current Channel,1812,11126.20266
2019-01-08,Semi-Annual Enterprise Channel,1808,10730.20264
2019-01-08,Semi-Annual Enterprise Channel,1803,9126.2351
2019-01-08,Semi-Annual Enterprise Channel,1708,8431.2366
2019-01-08,Semi-Annual Enterprise Channel (Preview),1808,10730.20264
2019-01-03,Current Channel,1812,11126.20188
2018-12-11,Current Channel,1811,11029.20108
2018-12-11,Semi-Annual Enterprise Channel,1803,9126.2336
2018-12-11,Semi-Annual Enterprise Channel,1708,8431.2351
2018-12-11,Semi-Annual Enterprise Channel (Preview),1808,10730.20262
2018-11-27,Current Channel,1811,11029.20079
2018-11-13,Current Channel,1810,11001.20108
2018-11-13,Semi-Annual Enterprise Channel,1803,9126.2315
2018-11-13,Semi-Annual Enterprise Channel,1708,8431.2329
2018-11-13,Semi-Annual Enterprise Channel (Preview),1808,10730.20205
2018-10-29,Current Channel,1810,11001.20074
2018-10-16,Current Channel,1809,10827.20181
2018-10-09,Current Channel,1809,10827.20150
2018-10-09,Semi-Annual Enterprise Channel,1803,9126.2295
2018-10-09,Semi-Annual Enterprise Channel,1708,8431.2316
2018-10-09,Semi-Annual Enterprise Channel (Preview),1808,10730.20155
2018-09-27,Current Channel,1809,10827.20138
2018-09-11,Current Channel,1808,10730.20102
2018-09-11,Semi-Annual Enterprise Channel,1803,9126.2282
2018-09-11,Semi-Annual Enterprise Channel,1708,8431.2309
2018-09-11,Semi-Annual Enterprise Channel (Preview),1808,10730.20102
2018-09-05,Current Channel,1808,10730.20088
2018-08-14,Current Channel,1807,10325.20118
2018-08-14,Semi-Annual Enterprise Channel,1803,9126.2275
2018-08-14,Semi-Annual Enterprise Channel,1708,8431.2299
2018-08-14,Semi-Annual Enterprise Channel (Preview),1803,9126.2275
2017-12-12,Current Channel,1711,8730.2127
2017-12-12,Semi-Annual Enterprise Channel,1705,8201.2213
2017-12-12,Semi-Annual Enterprise Channel,1701,7766.2130
2017-12-12,Semi-Annual Enterprise Channel (Preview),1708,8431.2131
